spkid,full_name,pdes,name,neo,pha,class,H,diameter,albedo,a,e,i,q,per_y,first_obs,last_obs,n_obs_used
99000001,"Tycho test row 1: a comma, inside",TEST-1,"Comma, Inside",false,false,MBA,15.5,2.5,0.2,2.5,0.1,5.0,2.25,3.95,2001-01-01,2026-01-01,100
99000002,"Tycho test row 2: a
newline inside",TEST-2,"Two
Lines",false,false,MBA,15.6,,,2.6,0.1,5.1,2.34,4.19,2002-02-02,2026-02-02,101
99000003,"Tycho test row 3: ""double quotes"" inside",TEST-3,"The ""Quoted"" One",true,false,APO,20.1,0.3,,1.5,0.4,12.0,0.9,1.84,2003-03-03,2026-03-03,42
99000004,"Tycho test row 4: comma, quote "", and
newline, all at once",TEST-4,"All, ""of""
them",true,true,ATE,22.0,,,0.9,0.2,3.0,0.72,0.85,2004-04-04,2026-04-04,7
99000005,"Tycho test row 5: Ωμέγα, Юпитер, 日本語, 🪐",TEST-5,Ωμέγα,false,false,TJN,11.0,50.0,0.05,5.2,0.05,20.0,4.94,11.86,2005-05-05,2026-05-05,500
99000006,"   Tycho test row 6: leading and trailing spaces   ",TEST-6,"   spaced   ",false,,MBA,17.0,,,2.7,0.15,8.0,2.3,4.44,2006-06-06,2026-06-06,60
99000007,Tycho test row 7: empty name and nulls,TEST-7,"",,,MBA,,,,2.8,0.2,9.0,2.24,4.69,,,
99000008,"Tycho test row 8: ends with a comma,",TEST-8,"trailing,",false,false,MBA,16.0,1.0,0.1,2.9,0.05,1.0,2.76,4.94,2008-08-08,2026-08-08,80
